name,group,prep_col,description,val_accuracy,val_f1_macro,val_f1_fox,val_f1_nbc,val_prec_mac,val_rec_mac,elapsed_s
HYB_word12_char36_mf5000_style_LR,G6_hybrid,headline_minimal,"word (1,2) + char (3, 6) + stylo (3-branch) → LR C=1",0.8429820477003467,0.8296466733201152,0.8773092937704653,0.7819840528697651,0.8316564512963616,0.8278240930732663,34.067
HYB_word12_char46_mf5000_style_LR,G6_hybrid,headline_minimal,"word (1,2) + char (4, 6) + stylo (3-branch) → LR C=1",0.8393605463293496,0.8257831916530773,0.8744186046511628,0.7771477786549917,0.8276307217166972,0.8240983052628063,29.942
Stack_4base_style_HGB_meta,G8_stacking,headline_minimal,"Stacking 4-base (minimal input): word LR + char LR + MNB + stylo LR → HistGBM meta, cv=5",0.8295824926276579,0.816846723192838,0.8651436993367723,0.7685497470489039,0.8157174474934609,0.8180592647291787,129.329
G5_CNG_combined_c46_wmf10000_cmf10000,G5_CNG_combined,headline_lowercase,"char_wb (4, 6) mf=10000 + word (1,2) mf=10000 | LR C=1",0.8289099280873299,0.8123627445253089,0.8680840879173481,0.7566414011332696,0.8185549866574255,0.8076366600930616,25.406
HYB_word12_mf10000_style_LR,G6_hybrid,headline_minimal,"word (1, 2) mf=10000 + 15 stylo features → LR C=1",0.8266852915308603,0.8120542742994405,0.8644931639834965,0.7596153846153846,0.8137925911125952,0.8104698901031279,12.997
Stack_5base_calSVM_LR_meta,G8_stacking,headline_lowercase,"Stacking 5-base (+ cal SVM + large word LR) → LR meta, cv=3",0.827978684877645,0.8118949871083863,0.8668988431207718,0.7568911310960006,0.81683192740505,0.8079591901507078,114.516
G5_CNG_combined_c36_wmf5000_cmf10000,G5_CNG_combined,headline_lowercase,"char_wb (3, 6) mf=10000 + word (1,2) mf=5000 | LR C=1",0.8282890992808734,0.8117452562669065,0.8675525759208268,0.7559379366129862,0.8177802310054177,0.8071177396001423,59.515
Stack_4base_style_LR_meta,G8_stacking,headline_minimal,"Stacking 4-base (minimal input): word LR + char LR + MNB + stylo LR → LR meta, cv=5",0.8234259402969631,0.8082242457349154,0.862217916111582,0.7542305753582487,0.8104886730811728,0.8062148390783426,137.967
G5_CNG_combined_c46_wmf5000_cmf5000,G5_CNG_combined,headline_lowercase,"char_wb (4, 6) mf=5000 + word (1,2) mf=5000 | LR C=1",0.8234776760308345,0.8062021041075409,0.8640637450199203,0.7483404631951616,0.8127318205727827,0.8013090108560808,49.17
Vote_4way_word_char_mnb_style,G7_voting,headline_minimal,Soft voting 4-way (minimal input): word LR + char LR + MNB + stylometric LR,0.8155621087485126,0.8040971923246785,0.8514892730681108,0.7567051115812462,0.8004091074305253,0.8092836128743979,28.428
Stack_3base_HGB_meta,G8_stacking,headline_lowercase,Stacking 3-base → HistGBM meta (non-linear; captures conf. interactions),0.8194940245227379,0.8038419209458132,0.8592520876195087,0.7484317542721177,0.8062792512688213,0.8017017570776438,112.52
G3_CNG_LR_c36_mf10000_minimal,G3_CNG_capitalisation,headline_minimal,"char_wb (3, 6), mf=10000, LR C=1, capitalisation preserved",0.8197527031920948,0.8026311911519624,0.8607625289745024,0.7444998533294221,0.8079847659283588,0.7984669453553662,51.153
G3_CNG_LR_c35_mf10000_minimal,G3_CNG_capitalisation,headline_minimal,"char_wb (3, 5), mf=10000, LR C=1, capitalisation preserved",0.818717988514667,0.8016830362472005,0.8598063535248459,0.7435597189695551,0.8066409104003965,0.7977729955251531,31.673
HYB_word12_mf5000_style_LR,G6_hybrid,headline_minimal,"word (1, 2) mf=5000 + 15 stylo features → LR C=1",0.81695897356304,0.8012445140104448,0.8571313196575674,0.7453577083633223,0.8033813732927508,0.7993440497093713,6.347
HYB_word12_mf5000_style_LR_C2.0,G6_hybrid,headline_minimal,"word (1,2) mf=5000 + stylo → LR C=2.0",0.8167002948936831,0.8012076805239461,0.8567037411526794,0.7457116198952128,0.8029191368224216,0.7996531532861303,12.125
HYB_word13_mf5000_style_LR,G6_hybrid,headline_minimal,"word (1, 3) mf=5000 + 15 stylo features → LR C=1",0.8169072378291686,0.8011317454601574,0.8571428571428571,0.7451206337774577,0.8033680132412107,0.7991525101317092,13.614
HYB_word12_mf5000_style_LR_C5.0,G6_hybrid,headline_minimal,"word (1,2) mf=5000 + stylo → LR C=5.0",0.8164933519581975,0.8010828029807573,0.8564490671415274,0.7457165388199871,0.8026234596555869,0.7996712054062393,14.975
Stack_3base_charSVM_LR_meta,G8_stacking,headline_lowercase,Stacking: word LR + cal char SVM + MNB → LR meta,0.8179936882404677,0.8007449634813986,0.8593700031979533,0.7421199237648438,0.8059853394876052,0.796659862299398,152.452
Stack_3base_LR_meta_C0.1,G8_stacking,headline_lowercase,"Stacking 3-base → LR meta (C=0.1, stronger regularisation)",0.8167002948936831,0.7995355481408497,0.8581949169501701,0.7408761793315293,0.8043405795878411,0.7957321011323426,109.638
Stack_3base_LR_meta,G8_stacking,headline_lowercase,"Stacking 3-base (word LR + char LR + MNB) → LR meta, cv=5",0.8164416162243261,0.7992592925114899,0.8579891130323407,0.7405294719906391,0.80404692112643,0.7954681278558557,115.344
HYB_word11_mf5000_style_LR,G6_hybrid,headline_minimal,"word (1, 1) mf=5000 + 15 stylo features → LR C=1",0.814268715401728,0.7982339369567174,0.8551134070546452,0.7413544668587896,0.8005048648785698,0.7962307519702452,6.308
HYB_word12_mf5000_style_LR_C0.5,G6_hybrid,headline_minimal,"word (1,2) mf=5000 + stylo → LR C=0.5",0.8139583009984996,0.7975745318681903,0.8551635250523603,0.7399855386840203,0.8004077451260041,0.7951418383835612,12.271
Vote_4way_diverse_features,G7_voting,headline_lowercase,Soft voting 4-way: varied feature counts for diversity,0.8081121630710332,0.7961407498103656,0.8455419980843709,0.7467395015363605,0.7925943983222745,0.8011262028221181,30.443
G2_CNG_LR_c46_mf20000_lower,G2_CNG_feature_count,headline_lowercase,"char_wb (4,6), mf=20000, LR C=1",0.8150447514097987,0.7958705642279468,0.8584326614659644,0.7333084669899291,0.8045095078601572,0.7899044540435987,38.113
Vote_4way_word_char_mnb_calSVM,G7_voting,headline_lowercase,Soft voting 4-way: word LR + char LR + MNB + calibrated SVM,0.8081121630710332,0.7958343629362861,0.8459013669034858,0.7457673589690863,0.7925461557946769,0.8002816685120715,28.947
G3_CNG_LR_c46_mf10000_minimal,G3_CNG_capitalisation,headline_minimal,"char_wb (4, 6), mf=10000, LR C=1, capitalisation preserved",0.812923586321072,0.7943632608142837,0.856142584341184,0.7325839372873835,0.8011772619601992,0.7893806826930687,38.892
G2_SVM_w12_mf20000_C1,G2_SVM_feature_count,headline_lowercase,"LinearSVC, word (1,2), mf=20000, C=1",0.8110093641678308,0.7936788613721097,0.8534755926356744,0.7338821301085452,0.7977075927660924,0.7904072800839448,3.081
Vote_3way_weighted_2_1_1,G7_voting,headline_lowercase,"Soft voting 3-way weights=[2,1,1]: upweight word LR",0.8057323193129494,0.7933802265810621,0.8438993972147163,0.742861055947408,0.7900568134220234,0.7979255030235395,22.013
Vote_3way_word_char_style,G7_voting,headline_minimal,Soft voting 3-way (minimal input): word LR + char LR + stylometric LR,0.8135961508613999,0.792125492845907,0.858932696448847,0.7253182892429672,0.8056893139841688,0.7839984309554567,24.07
G3_CNG_LR_c35_mf5000_minimal,G3_CNG_capitalisation,headline_minimal,"char_wb (3, 5), mf=5000, LR C=1, capitalisation preserved",0.8085777846758756,0.7905621615175773,0.8519881590527242,0.7291361639824304,0.795399974640189,0.7867737451905479,43.515
G1_CNG_LR_c24_mf5000_lower,G1_CNG_ngram_range,headline_lowercase,"char_wb (2, 4), mf=5000, LR C=1, lowercase input",0.8091468777484608,0.7895523478178426,0.8537677884805962,0.725336907155089,0.7976189179084665,0.7839341224431303,47.737
Vote_2way_word_char,G7_voting,headline_lowercase,"Soft voting 2-way: word-bigram LR + char(4,6) LR",0.8105954782968596,0.7893692025513355,0.8562340467308069,0.7225043583718639,0.8014097104412595,0.7819075554047632,17.824
G3_CNG_LR_c36_mf5000_minimal,G3_CNG_capitalisation,headline_minimal,"char_wb (3, 6), mf=5000, LR C=1, capitalisation preserved",0.8055771121113353,0.7872083658504003,0.8497280870121561,0.7246886446886447,0.7921230975379807,0.7833859062351399,35.624
Vote_3way_word_char_mnb,G7_voting,headline_lowercase,Soft voting 3-way: word LR + char LR + MNB,0.796678565885457,0.7864157290938697,0.8332343206314181,0.7395971375563213,0.7819298545807083,0.7955331986458068,23.644
G2_SVM_w12_mf10000_C1,G2_SVM_feature_count,headline_lowercase,"LinearSVC, word (1,2), mf=10000, C=1",0.8040250400951937,0.7857229800821214,0.8483465449595644,0.7230994152046784,0.7902306691275061,0.7821640098519532,3.072
G2_CNG_LR_c46_mf10000_lower,G2_CNG_feature_count,headline_lowercase,"char_wb (4,6), mf=10000, LR C=1",0.8049562833048787,0.7843038501188795,0.8510470169893323,0.7175606832484267,0.7935314774592703,0.7781617231576754,39.33
G4_CNG_SVM_c46_mf5000_C5.0,G4_CNG_svm,headline_lowercase,"char_wb (4,6), mf=5000, LinearSVC C=5.0",0.8000931243209685,0.7814238635262188,0.8453038674033149,0.7175438596491228,0.7858677826976984,0.7779223853080551,42.96
G4_CNG_SVM_c46_mf5000_C1.0,G4_CNG_svm,headline_lowercase,"char_wb (4,6), mf=5000, LinearSVC C=1.0",0.8004035387241968,0.7814148813403075,0.8458403260608967,0.7169894366197183,0.786467852257182,0.7775333638521575,40.051
HYB_word12_mf5000_style_LR_C0.1,G6_hybrid,headline_minimal,"word (1,2) mf=5000 + stylo → LR C=0.1",0.7995240312483832,0.7807653628599074,0.8448945282792298,0.716636197440585,0.7852617732797308,0.7772330611170638,9.716
G3_CNG_LR_c46_mf5000_minimal,G3_CNG_capitalisation,headline_minimal,"char_wb (4, 6), mf=5000, LR C=1, capitalisation preserved",0.7999379171193544,0.7800817351841574,0.8461630266141544,0.7140004437541602,0.7866040079750967,0.7753570785585302,35.268
G4_CNG_SVM_c46_mf5000_C0.5,G4_CNG_svm,headline_lowercase,"char_wb (4,6), mf=5000, LinearSVC C=0.5",0.7996792384499974,0.7800746034889796,0.8457370517928287,0.7144121551851306,0.7860855510637001,0.7756360201956448,34.459
G4_LR_w12_mf5000_prep_nostop,G4_LR_preprocessing,headline_nostop,"word (1,2), mf=5000, C=1, prep=nostop",0.8019556107403384,0.7798815387233313,0.8495874263261297,0.710175651120533,0.7913068376687113,0.7728133581253736,10.922
G1_CNG_LR_c36_mf5000_lower,G1_CNG_ngram_range,headline_lowercase,"char_wb (3, 6), mf=5000, LR C=1, lowercase input",0.8007656888612965,0.7796929253667961,0.8478286640060062,0.7115571867275859,0.7887376388215034,0.773686287276935,48.233
G1_CNG_LR_c35_mf5000_lower,G1_CNG_ngram_range,headline_lowercase,"char_wb (3, 5), mf=5000, LR C=1, lowercase input",0.8003000672564541,0.7791702406131737,0.8474790580053738,0.7108614232209738,0.7882154558676395,0.7731689086637564,25.711
G1_SVM_w12_mf5000_C0.5,G1_SVM_regularization,headline_lowercase,"LinearSVC, word (1,2), mf=5000, C=0.5",0.7980236949661131,0.777511246145977,0.8450670688149853,0.7099554234769688,0.7848452506831216,0.7723721379766851,9.975
G1_SVM_w12_mf5000_C1.0,G1_SVM_regularization,headline_lowercase,"LinearSVC, word (1,2), mf=5000, C=1.0",0.7969889802886854,0.7768782278629902,0.8438643959891772,0.7098920597368032,0.783262575259964,0.772251264999718,6.334
G3_SVM_w12_mf5000_C1,G3_SVM_ngrams,headline_lowercase,"LinearSVC, word (1, 2), mf=5000, C=1",0.7969889802886854,0.7768782278629902,0.8438643959891772,0.7098920597368032,0.783262575259964,0.772251264999718,2.917
G2_SVM_w12_mf5000_C1,G2_SVM_feature_count,headline_lowercase,"LinearSVC, word (1,2), mf=5000, C=1",0.7969889802886854,0.7768782278629902,0.8438643959891772,0.7098920597368032,0.783262575259964,0.772251264999718,3.043
G3_SVM_w13_mf5000_C1,G3_SVM_ngrams,headline_lowercase,"LinearSVC, word (1, 3), mf=5000, C=1",0.7964198872161001,0.776290931757015,0.843395550602937,0.709186312911093,0.7825939859441541,0.7717127505069492,4.497
G1_SVM_w12_mf5000_C2.0,G1_SVM_regularization,headline_lowercase,"LinearSVC, word (1,2), mf=5000, C=2.0",0.7956955869419008,0.775723901166872,0.8426505159979281,0.708797286335816,0.7816081910215009,0.7713838277119517,4.546
G4_SVM_cal_w12_mf5000_C0.5,G4_SVM_calibrated,headline_lowercase,"CalibratedSVC (sigmoid), word (1,2), mf=5000, C=0.5",0.7978167520306275,0.7755909621367985,0.846214386903825,0.704967537369772,0.7862148592975489,0.7689215670376741,3.354
G1_LR_w11_mf20000,G1_LR_feature_count,headline_lowercase,"word unigrams, mf=20000, C=1",0.7991101453774122,0.7754183411071573,0.848361776076854,0.7024749061374608,0.7895236701434422,0.7673760491538788,8.725
G3_LR_w12_mf5000_C10.0,G3_LR_regularization,headline_lowercase,"word (1,2), mf=5000, C=10.0",0.7956438512080294,0.77530769519087,0.8429048679605472,0.7077105224211928,0.781824402092717,0.7706192112810435,12.576
G1_LR_w11_mf10000,G1_LR_feature_count,headline_lowercase,"word unigrams, mf=10000, C=1",0.7986962595064411,0.7752084055790834,0.8478711342221528,0.7025456769360141,0.7887389548221125,0.767381991454452,6.218
G1_SVM_w12_mf5000_C10.0,G1_SVM_regularization,headline_lowercase,"LinearSVC, word (1,2), mf=5000, C=10.0",0.7949712866677013,0.7751416862878133,0.8419163109816905,0.7083670615939363,0.780643676721922,0.7710247429773095,3.145
G1_SVM_w12_mf5000_C5.0,G1_SVM_regularization,headline_lowercase,"LinearSVC, word (1,2), mf=5000, C=5.0",0.7948160794660872,0.7749031446041517,0.8418534173379058,0.7079528718703977,0.7805189513943104,0.7707215817011237,4.687
G3_LR_w12_mf5000_C5.0,G3_LR_regularization,headline_lowercase,"word (1,2), mf=5000, C=5.0",0.795592115474158,0.7747468858314599,0.8432702606212067,0.7062235110417131,0.7821731941022638,0.7695831373933348,14.198
G3_LR_w12_mf5000_C20.0,G3_LR_regularization,headline_lowercase,"word (1,2), mf=5000, C=20.0",0.7942987221273734,0.7742898315762472,0.8414925849146867,0.7070870782378076,0.7799731559624644,0.770072987389572,12.37
G4_LR_w12_mf5000_prep_lemma,G4_LR_preprocessing,headline_lemma,"word (1,2), mf=5000, C=1, prep=lemma",0.7965233586838429,0.773884964189311,0.8454313224602082,0.7023386059184137,0.7850067010975205,0.7670286238019941,11.177
G3_LR_w12_mf5000_C2.0,G3_LR_regularization,headline_lowercase,"word (1,2), mf=5000, C=2.0",0.7956955869419008,0.7738136610505203,0.8441655814687661,0.7034617406322745,0.7832204289486843,0.76770407107532,12.288
G4_SVM_cal_w12_mf5000_C1.0,G4_SVM_calibrated,headline_lowercase,"CalibratedSVC (sigmoid), word (1,2), mf=5000, C=1.0",0.7961094728128718,0.7737205327335841,0.8448974772718328,0.7025435881953355,0.7842300751161935,0.7671250519215009,7.016
G4_CNG_SVM_c46_mf5000_C0.1,G4_CNG_svm,headline_lowercase,"char_wb (4,6), mf=5000, LinearSVC C=0.1",0.7950747581354441,0.7730454069413418,0.8437536980789713,0.7023371158037124,0.782587511105703,0.7668835311859556,38.476
G4_SVM_cal_w12_mf5000_C5.0,G4_SVM_calibrated,headline_lowercase,"CalibratedSVC (sigmoid), word (1,2), mf=5000, C=5.0",0.7954369082725439,0.7728179552456502,0.844502123643228,0.7011337868480726,0.7836138321876894,0.7661129724544744,13.751
G4_SVM_cal_w12_mf5000_C0.1,G4_SVM_calibrated,headline_lowercase,"CalibratedSVC (sigmoid), word (1,2), mf=5000, C=0.1",0.79491955093383,0.7725721638156222,0.8438632424767607,0.7012810851544838,0.7826966407034266,0.7661581027547466,3.09
G2_CNG_LR_c46_mf5000_lower,G2_CNG_feature_count,headline_lowercase,"char_wb (4,6), mf=5000, LR C=1",0.7945574007967303,0.7723259027404913,0.8434703772320549,0.7011814282489277,0.7821338694268225,0.7660539652365368,35.645
G1_CNG_LR_c46_mf5000_lower,G1_CNG_ngram_range,headline_lowercase,"char_wb (4, 6), mf=5000, LR C=1, lowercase input",0.7945574007967303,0.7723259027404913,0.8434703772320549,0.7011814282489277,0.7821338694268225,0.7660539652365368,36.96
G1_SVM_w12_mf5000_C0.1,G1_SVM_regularization,headline_lowercase,"LinearSVC, word (1,2), mf=5000, C=0.1",0.7956438512080294,0.7722319295116344,0.8452558175977435,0.6992080414255254,0.7847057888741631,0.7648582808089401,15.797
G3_SVM_w11_mf5000_C1,G3_SVM_ngrams,headline_lowercase,"LinearSVC, word (1, 1), mf=5000, C=1",0.7921775570386466,0.7719237709641362,0.8398899916297979,0.7039575502984745,0.7776274355335763,0.7677093377207261,1.22
G3_LR_w12_mf5000_C1.0,G3_LR_regularization,headline_lowercase,"word (1,2), mf=5000, C=1.0",0.7942987221273734,0.77078352249165,0.8442006269592477,0.6973664180240524,0.783092140513172,0.7634976845470665,11.856
G2_LR_w12_mf5000,G2_LR_ngrams,headline_lowercase,"word (1, 2)-grams, mf=5000, C=1",0.7942987221273734,0.77078352249165,0.8442006269592477,0.6973664180240524,0.783092140513172,0.7634976845470665,13.188
G4_LR_w12_mf5000_prep_minimal,G4_LR_preprocessing,headline_minimal,"word (1,2), mf=5000, C=1, prep=minimal",0.7942987221273734,0.77078352249165,0.8442006269592477,0.6973664180240524,0.783092140513172,0.7634976845470665,12.318
G4_LR_w12_mf5000_prep_nopunct,G4_LR_preprocessing,headline_nopunct,"word (1,2), mf=5000, C=1, prep=nopunct",0.7942987221273734,0.77078352249165,0.8442006269592477,0.6973664180240524,0.783092140513172,0.7634976845470665,11.958
G4_LR_w12_mf5000_prep_lowercase,G4_LR_preprocessing,headline_lowercase,"word (1,2), mf=5000, C=1, prep=lowercase",0.7942987221273734,0.77078352249165,0.8442006269592477,0.6973664180240524,0.783092140513172,0.7634976845470665,12.17
G1_CNG_LR_c47_mf5000_lower,G1_CNG_ngram_range,headline_lowercase,"char_wb (4, 7), mf=5000, LR C=1, lowercase input",0.7930053287805887,0.7705400571578473,0.8423375497497734,0.6987425645659212,0.7804190328614842,0.7642589920001042,43.124
G2_LR_w13_mf5000,G2_LR_ngrams,headline_lowercase,"word (1, 3)-grams, mf=5000, C=1",0.7939365719902737,0.7703375479060643,0.8439569049951028,0.6967181908170258,0.7827170608208762,0.7630316037531224,15.806
G2_MNB_w12_mf20000_a0.1,G2_MNB_feature_count,headline_lowercase,"MNB alpha=0.1, word (1,2), mf=20000, norm=None",0.7766568368772311,0.7691925097903641,0.810699408024556,0.7276856115561723,0.7667053333218211,0.7854110180162237,11.491
G1_LR_w11_mf5000,G1_LR_feature_count,headline_lowercase,"word unigrams, mf=5000, C=1",0.7921258213047752,0.7682937218944275,0.842604199310561,0.693983244478294,0.7806438200950763,0.761032981119492,5.128
G2_LR_w11_mf5000,G2_LR_ngrams,headline_lowercase,"word (1, 1)-grams, mf=5000, C=1",0.7921258213047752,0.7682937218944275,0.842604199310561,0.693983244478294,0.7806438200950763,0.761032981119492,5.404
G1_CNG_LR_c57_mf5000_lower,G1_CNG_ngram_range,headline_lowercase,"char_wb (5, 7), mf=5000, LR C=1, lowercase input",0.7886595271353924,0.7651974500477567,0.8394197885136995,0.690975111581814,0.7759059731337378,0.7586358605331314,20.53
G1_SVM_w12_mf5000_C0.05,G1_SVM_regularization,headline_lowercase,"LinearSVC, word (1,2), mf=5000, C=0.05",0.7908324279579906,0.7640513879271246,0.8435432065322549,0.6845595693219942,0.782284099765874,0.7549173663335791,12.869
G3_LR_w12_mf5000_C0.5,G3_LR_regularization,headline_lowercase,"word (1,2), mf=5000, C=0.5",0.7899011847483056,0.7632239589258919,0.8427005461517605,0.6837473717000233,0.7809019008894995,0.7542747143226006,11.761
G2_MNB_w12_mf10000_a0.1,G2_MNB_feature_count,headline_lowercase,"MNB alpha=0.1, word (1,2), mf=10000, norm=None",0.7669822546432821,0.7594742555516591,0.8019697502638058,0.7169787608395124,0.7575295599419679,0.7758943283634219,11.384
G4_MNB_w12_mf5000_prep_nostop,G4_MNB_preprocessing,headline_nostop,"MNB alpha=0.1, word (1,2), mf=5000, prep=nostop",0.7601014020383879,0.7526721716560494,0.7955377221217866,0.7098066211903122,0.7512443410675262,0.769451748450047,10.73
G2_SVM_w12_mf2000_C1,G2_SVM_feature_count,headline_lowercase,"LinearSVC, word (1,2), mf=2000, C=1",0.7766051011433597,0.7516511614100334,0.8303739786297926,0.6729283441902743,0.7621453492690744,0.7453755561681497,3.135
G4_MNB_w12_mf5000_prep_lemma,G4_MNB_preprocessing,headline_lemma,"MNB alpha=0.1, word (1,2), mf=5000, prep=lemma",0.7584975942883749,0.7510232993640852,0.7941617426580827,0.7078848560700877,0.7496412073773975,0.7677366930927529,10.463
G2_CNG_LR_c46_mf2000_lower,G2_CNG_feature_count,headline_lowercase,"char_wb (4,6), mf=2000, LR C=1",0.7736561643126908,0.7480873510296846,0.82834386157649,0.6678308404828791,0.7589467418814435,0.741726827695736,26.339
G3_MNB_w13_mf5000_a0.1,G3_MNB_ngrams,headline_lowercase,"MNB alpha=0.1, word (1, 3), mf=5000, norm=None",0.7536344353044648,0.7458680878626455,0.7902941694556984,0.7014420062695925,0.7444465678184071,0.7620380441674743,17.824
G1_MNB_w12_mf5000_a0.5,G1_MNB_alpha,headline_lowercase,"MNB alpha=0.5, word (1,2), mf=5000, norm=None",0.7532722851673651,0.7458091413225243,0.7893644273662824,0.7022538552787663,0.7447653292055503,0.762657793200733,10.421
G1_MNB_w12_mf5000_a1.0,G1_MNB_alpha,headline_lowercase,"MNB alpha=1.0, word (1,2), mf=5000, norm=None",0.7532205494334937,0.7457604838990763,0.7893109540636042,0.7022100137345486,0.7447236863715685,0.7626170633212934,10.922
G1_MNB_w12_mf5000_a0.01,G1_MNB_alpha,headline_lowercase,"MNB alpha=0.01, word (1,2), mf=5000, norm=None",0.7531688136996223,0.7457025399978536,0.7892760920454044,0.7021289879503028,0.7446613112685506,0.7625461715022095,10.12
G1_MNB_w12_mf5000_a0.05,G1_MNB_alpha,headline_lowercase,"MNB alpha=0.05, word (1,2), mf=5000, norm=None",0.7531688136996223,0.7457025399978536,0.7892760920454044,0.7021289879503028,0.7446613112685506,0.7625461715022095,13.955
G1_MNB_w12_mf5000_a0.1,G1_MNB_alpha,headline_lowercase,"MNB alpha=0.1, word (1,2), mf=5000, norm=None",0.7531688136996223,0.7457025399978536,0.7892760920454044,0.7021289879503028,0.7446613112685506,0.7625461715022095,10.143
G1_MNB_w12_mf5000_a0.0001,G1_MNB_alpha,headline_lowercase,"MNB alpha=0.0001, word (1,2), mf=5000, norm=None",0.7531688136996223,0.7457025399978536,0.7892760920454044,0.7021289879503028,0.7446613112685506,0.7625461715022095,10.295
G1_MNB_w12_mf5000_a0.001,G1_MNB_alpha,headline_lowercase,"MNB alpha=0.001, word (1,2), mf=5000, norm=None",0.7531688136996223,0.7457025399978536,0.7892760920454044,0.7021289879503028,0.7446613112685506,0.7625461715022095,10.302
G2_MNB_w12_mf5000_a0.1,G2_MNB_feature_count,headline_lowercase,"MNB alpha=0.1, word (1,2), mf=5000, norm=None",0.7531688136996223,0.7457025399978536,0.7892760920454044,0.7021289879503028,0.7446613112685506,0.7625461715022095,11.372
G3_MNB_w12_mf5000_a0.1,G3_MNB_ngrams,headline_lowercase,"MNB alpha=0.1, word (1, 2), mf=5000, norm=None",0.7531688136996223,0.7457025399978536,0.7892760920454044,0.7021289879503028,0.7446613112685506,0.7625461715022095,11.279
G4_MNB_w12_mf5000_prep_minimal,G4_MNB_preprocessing,headline_minimal,"MNB alpha=0.1, word (1,2), mf=5000, prep=minimal",0.7531688136996223,0.7457025399978536,0.7892760920454044,0.7021289879503028,0.7446613112685506,0.7625461715022095,11.2
G4_MNB_w12_mf5000_prep_nopunct,G4_MNB_preprocessing,headline_nopunct,"MNB alpha=0.1, word (1,2), mf=5000, prep=nopunct",0.7531688136996223,0.7457025399978536,0.7892760920454044,0.7021289879503028,0.7446613112685506,0.7625461715022095,11.53
G4_MNB_w12_mf5000_prep_lowercase,G4_MNB_preprocessing,headline_lowercase,"MNB alpha=0.1, word (1,2), mf=5000, prep=lowercase",0.7531688136996223,0.7457025399978536,0.7892760920454044,0.7021289879503028,0.7446613112685506,0.7625461715022095,11.259
G1_MNB_w12_mf5000_a2.0,G1_MNB_alpha,headline_lowercase,"MNB alpha=2.0, word (1,2), mf=5000, norm=None",0.7529101350302654,0.7454870900360957,0.7889527176314627,0.7020214624407287,0.7445156178791666,0.7624330079239452,11.177
G1_LR_w11_mf2000,G1_LR_feature_count,headline_lowercase,"word unigrams, mf=2000, C=1",0.7725697139013917,0.7451803775019683,0.8287228239694537,0.6616379310344828,0.7589701484635744,0.7378553062630531,5.221
G3_MNB_w11_mf5000_a0.1,G3_MNB_ngrams,headline_lowercase,"MNB alpha=0.1, word (1, 1), mf=5000, norm=None",0.7492886336592685,0.7427699805454082,0.7837186467910381,0.7018213142997785,0.7433455844754145,0.7619043857158043,4.201
G2_CNG_LR_c46_mf1000_lower,G2_CNG_feature_count,headline_lowercase,"char_wb (4,6), mf=1000, LR C=1",0.7600496663045165,0.7321625206426414,0.8185871861065478,0.645737855178735,0.7436546196898489,0.7258571777239193,17.453
G2_MNB_w12_mf2000_a0.1,G2_MNB_feature_count,headline_lowercase,"MNB alpha=0.1, word (1,2), mf=2000, norm=None",0.7376998292720782,0.729083972033473,0.7773972602739726,0.6807706837929732,0.7277216154555604,0.7438227966469209,14.145
G2_SVM_w12_mf1000_C1,G2_SVM_feature_count,headline_lowercase,"LinearSVC, word (1,2), mf=1000, C=1",0.7580319726835325,0.7272868124304186,0.8188543320810256,0.6357192927798115,0.7429370159938391,0.7198650692376767,2.884
G1_LR_w11_mf1000,G1_LR_feature_count,headline_lowercase,"word unigrams, mf=1000, C=1",0.7549278286512494,0.723134775366507,0.8169558329147185,0.6293137178182956,0.7396717041393527,0.715611560092632,4.922
STYLO_HGB_iter300,G5_stylometric,headline_minimal,"15 stylometric features, HistGBM max_iter=300",0.7379585079414351,0.7203673542936087,0.7905033709724117,0.6502313376148056,0.7183878603215352,0.7229734121722431,9.439
G3_LR_w12_mf5000_C0.1,G3_LR_regularization,headline_lowercase,"word (1,2), mf=5000, C=0.1",0.7630503388690568,0.7177026521329639,0.8308465061308908,0.6045587981350371,0.7665091631706779,0.7063219425494915,13.62
STYLO_HGB_iter100,G5_stylometric,headline_minimal,"15 stylometric features, HistGBM max_iter=100",0.7356821356510942,0.7170181977081085,0.7896925040135019,0.644343891402715,0.71556735634729,0.718768342305341,6.752
G2_MNB_w12_mf1000_a0.1,G2_MNB_feature_count,headline_lowercase,"MNB alpha=0.1, word (1,2), mf=1000, norm=None",0.7246106886026178,0.7129859390785003,0.7707480942331711,0.6552237839238293,0.7104198895131176,0.7230217821524197,11.446
G1_SVM_w12_mf5000_C0.01,G1_SVM_regularization,headline_lowercase,"LinearSVC, word (1,2), mf=5000, C=0.01",0.7605670236432304,0.7121250352383269,0.8302149827573556,0.5940350877192982,0.7670838085988441,0.7008982852772729,10.983
G3_SVM_w22_mf5000_C1,G3_SVM_ngrams,headline_lowercase,"LinearSVC, word (2, 2), mf=5000, C=1",0.7509959128770242,0.7045463565675907,0.821694513392361,0.5873981997428204,0.7481975343899336,0.6945697351667357,2.364
STYLO_RF_n100,G5_stylometric,headline_minimal,"15 stylometric features, RandomForest n=100",0.7258006104816597,0.7038978560574253,0.7844301635076874,0.6233655486071632,0.7041111054143512,0.7036897459384116,5.771
STYLO_RF_n500,G5_stylometric,headline_minimal,"15 stylometric features, RandomForest n=500",0.7250763102074603,0.703169791783104,0.7838079739625712,0.6225316096036368,0.7033441834151669,0.7029988798676796,13.3
G2_SVM_w12_mf500_C1,G2_SVM_feature_count,headline_lowercase,"LinearSVC, word (1,2), mf=500, C=1",0.7404418231672616,0.7026358547088769,0.8086648106479539,0.5966068987697998,0.7246756254804883,0.6948268306201101,2.752
STYLO_RF_n300,G5_stylometric,headline_minimal,"15 stylometric features, RandomForest n=300",0.7241450669977754,0.7021100695279606,0.7831286097779224,0.6210915292779988,0.70232146376743,0.7019037987620333,10.085
G1_LR_w11_mf500,G1_LR_feature_count,headline_lowercase,"word unigrams, mf=500, C=1",0.7388380154172487,0.7009626049987496,0.8073870573870574,0.5945381526104417,0.7225770785026358,0.6932927469006831,5.326
G2_LR_w22_mf5000,G2_LR_ngrams,headline_lowercase,"word (2, 2)-grams, mf=5000, C=1",0.7487712763205546,0.6967296532704785,0.8223587942639743,0.5711005122769829,0.7518340785371048,0.6869970959994423,8.212
G2_MNB_w12_mf500_a0.1,G2_MNB_feature_count,headline_lowercase,"MNB alpha=0.1, word (1,2), mf=500, norm=None",0.7100212116508873,0.6936986121634325,0.7644067084191501,0.622990515907715,0.6911599319435228,0.6986568079222544,11.298
G3_LR_w12_mf5000_C0.05,G3_LR_regularization,headline_lowercase,"word (1,2), mf=5000, C=0.05",0.7393553727559625,0.6726954096375366,0.8204049622130329,0.5249858570620404,0.7564811366305308,0.6660415470410531,11.252
G1_LR_w11_mf100,G1_LR_feature_count,headline_lowercase,"word unigrams, mf=100, C=1",0.7055719385379482,0.6477718006340549,0.7904562023638573,0.5050873989042526,0.6871984746882634,0.643064368524365,4.414
STYLO_SVM_C1.0,G5_stylometric,headline_minimal,"15 stylometric features, LinearSVC C=1.0",0.6689430389570076,0.6293693228798287,0.7504776759602262,0.5082609697994314,0.6373326540263184,0.6263828755579006,4.295
STYLO_SVM_C0.1,G5_stylometric,headline_minimal,"15 stylometric features, LinearSVC C=0.1",0.6689430389570076,0.6293693228798287,0.7504776759602262,0.5082609697994314,0.6373326540263184,0.6263828755579006,4.086
STYLO_SVM_C5.0,G5_stylometric,headline_minimal,"15 stylometric features, LinearSVC C=5.0",0.6689430389570076,0.6293693228798287,0.7504776759602262,0.5082609697994314,0.6373326540263184,0.6263828755579006,4.491
STYLO_LR_C1.0,G5_stylometric,headline_minimal,"15 stylometric features, LR C=1.0",0.6662010450618242,0.6272399015495684,0.7477519743529596,0.5067278287461774,0.6343867084662396,0.6244353255251157,4.227
STYLO_LR_C10.0,G5_stylometric,headline_minimal,"15 stylometric features, LR C=10.0",0.6660458378602101,0.6271361950767806,0.7475853439174129,0.5066870462361482,0.6342264621524689,0.6243432978264416,4.043
STYLO_LR_C5.0,G5_stylometric,headline_minimal,"15 stylometric features, LR C=5.0",0.6660458378602101,0.6271361950767806,0.7475853439174129,0.5066870462361482,0.6342264621524689,0.6243432978264416,4.3
STYLO_LR_C0.1,G5_stylometric,headline_minimal,"15 stylometric features, LR C=0.1",0.6659941021263387,0.6270366649057602,0.747575852361589,0.5064974774499312,0.6341538453863969,0.624242244067713,4.335
G3_LR_w12_mf5000_C0.01,G3_LR_regularization,headline_lowercase,"word (1,2), mf=5000, C=0.01",0.6692017176263645,0.49271056659299134,0.7919297103807355,0.19349142280524723,0.7679703355060459,0.5499751982580154,10.701
